<?xml version="1.0" encoding="UTF-8" standalone="yes"?>
<Content>
    <Views>
        <ViewDef id="9eb575c2-017c-4cdf-bf7a-4952e699d612">
            <Title>Trend of ESXi Growth</Title>
            <Description/>
            <SubjectType adapterKind="VMWARE" resourceKind="vSphere World" type="descendant"/>
            <SubjectType adapterKind="VMWARE" resourceKind="vSphere World" type="self"/>
            <Usage>dashboard</Usage>
            <Usage>report</Usage>
            <Usage>content</Usage>
            <Controls>
                <Control id="time-interval-selector_id_3" type="time-interval-selector" visible="false">
                    <Property name="advancedTimeMode" value="false"/>
                    <Property name="unit" value="MONTHS"/>
                    <Property name="count" value="6"/>
                </Control>
                <Control id="attributes-selector_id_4" type="attributes-selector" visible="false">
                    <Property name="attributeInfos">
                        <List>
                            <Item>
<Value>
    <Property name="objectType" value="RESOURCE"/>
    <Property name="attributeKey" value="summary|total_number_hosts"/>
    <Property name="isStringAttribute" value="false"/>
    <Property name="adapterKind" value="VMWARE"/>
    <Property name="resourceKind" value="vSphere World"/>
    <Property name="rollUpType" value="NONE"/>
    <Property name="rollUpCount" value="0"/>
    <Property name="transformations">
        <List>
            <Item value="NONE"/>
        </List>
    </Property>
    <Property name="isProperty" value="false"/>
</Value>
                            </Item>
                        </List>
                    </Property>
                </Control>
                <Control id="pagination-control_id_5" type="pagination-control" visible="true">
                    <Property name="start" value="0"/>
                    <Property name="size" value="23"/>
                </Control>
            </Controls>
            <DataProviders>
                <DataProvider dataType="trend-view" id="trend-view_id_2"/>
            </DataProviders>
            <Presentation type="line-chart"/>
        </ViewDef>
    </Views>
</Content>
