{
   "dashboards": [
      {
         "autoswitchEnabled": false,
         "columnCount": 1,
         "columnProportion": "1",
         "creationTime": 1577109443828,
         "dashboardNavigations": {},
         "description": "",
         "disabled": false,
         "gridsterMaxColumns": 12,
         "hidden": true,
         "homeTab": false,
         "id": "3a92f573-dc3b-47e9-a928-04dcab412f88",
         "importAttempts": 0,
         "importComplete": true,
         "isDefault": false,
         "locked": false,
         "name": "VMware-Code/tkopton-Executive Summary",
         "namePath": "VMware-Code",
         "rank": 131,
         "shared": false,
         "states": [],
         "temporary": false,
         "userId": "3c6e818d-c6e8-4f92-8cec-5cbeb54c56cc",
         "widgetInteractions": [],
         "widgets": [
            {
               "collapsed": false,
               "config": {
                  "boxColumns": 5,
                  "boxHeight": null,
                  "labelSize": 12,
                  "maxCellCount": 100,
                  "metric": {
                     "mode": "resourceKind",
                     "resourceKindMetrics": [
                        {
                           "colorMethod": 2,
                           "id": "extModel7625-1",
                           "isStringMetric": false,
                           "label": "Datacenters",
                           "metricKey": "summary|total_number_datacenters",
                           "metricName": "Summary|Total Number of Datacenters",
                           "metricUnitId": null,
                           "orangeBound": null,
                           "redBound": null,
                           "resourceKindId": "resourceKind:id:0_::_",
                           "resourceKindName": "vSphere World",
                           "unit": "",
                           "yellowBound": null
                        },
                        {
                           "colorMethod": 2,
                           "id": "extModel7625-2",
                           "isStringMetric": false,
                           "label": "Clusters",
                           "metricKey": "summary|total_number_clusters",
                           "metricName": "Summary|Total Number of Clusters",
                           "metricUnitId": null,
                           "orangeBound": null,
                           "redBound": null,
                           "resourceKindId": "resourceKind:id:0_::_",
                           "resourceKindName": "vSphere World",
                           "unit": "",
                           "yellowBound": null
                        },
                        {
                           "colorMethod": 2,
                           "id": "extModel7625-3",
                           "isStringMetric": false,
                           "label": "Hosts",
                           "metricKey": "summary|total_number_hosts",
                           "metricName": "Summary|Total Number of Hosts",
                           "metricUnitId": null,
                           "orangeBound": null,
                           "redBound": null,
                           "resourceKindId": "resourceKind:id:0_::_",
                           "resourceKindName": "vSphere World",
                           "unit": "",
                           "yellowBound": null
                        },
                        {
                           "colorMethod": 2,
                           "id": "extModel7625-4",
                           "isStringMetric": false,
                           "label": "Datastores",
                           "metricKey": "summary|total_number_datastores",
                           "metricName": "Summary|Total Number of Datastores",
                           "metricUnitId": null,
                           "orangeBound": null,
                           "redBound": null,
                           "resourceKindId": "resourceKind:id:0_::_",
                           "resourceKindName": "vSphere World",
                           "unit": "",
                           "yellowBound": null
                        },
                        {
                           "colorMethod": 2,
                           "id": "extModel7625-5",
                           "isStringMetric": false,
                           "label": "Virtual Machines",
                           "metricKey": "summary|total_number_vms",
                           "metricName": "Summary|Total Number of VMs",
                           "metricUnitId": null,
                           "orangeBound": null,
                           "redBound": null,
                           "resourceKindId": "resourceKind:id:0_::_",
                           "resourceKindName": "vSphere World",
                           "unit": "",
                           "yellowBound": null
                        }
                     ],
                     "resourceMetrics": []
                  },
                  "mode": {"layoutMode": "fixedView"},
                  "periodLength": null,
                  "refreshContent": {"refreshContent": true},
                  "refreshInterval": 300,
                  "relationshipMode": {"relationshipMode": 0},
                  "resInteractionMode": null,
                  "roundDecimals": 0,
                  "selfProvider": {"selfProvider": true},
                  "showMetricName": {"showMetricName": true},
                  "showMetricUnit": {"showMetricUnit": true},
                  "showResourceName": {"showResourceName": false},
                  "showSparkline": {"showSparkline": false},
                  "title": "Environment Summary",
                  "valueSize": 24,
                  "visualTheme": 5
               },
               "gridsterCoords": {
                  "h": 3,
                  "w": 12,
                  "x": 1,
                  "y": 1
               },
               "height": 153,
               "id": "94334be3-3627-4345-bb55-a4c02e6c5bd3",
               "title": "Environment Summary",
               "type": "Scoreboard"
            },
            {
               "collapsed": false,
               "config": {
                  "chartViewItems": ["legend"],
                  "refreshContent": {"refreshContent": false},
                  "refreshInterval": 300,
                  "resource": {
                     "adapterKindId": "VMWARE",
                     "allowDrag": true,
                     "allowDrop": true,
                     "checked": null,
                     "children": null,
                     "cls": "",
                     "depth": 1,
                     "expandable": true,
                     "expanded": false,
                     "href": "",
                     "hrefTarget": "",
                     "icon": "",
                     "iconCls": "resknd_default_vmware_vsphereworld",
                     "iconSrc": "images/resknd/default/16x16/VMWARE_vSphere World.png",
                     "id": "ebdd970d-978e-4a57-aeb0-08ba3f22f6c2",
                     "index": 0,
                     "isFirst": true,
                     "isLast": true,
                     "leaf": false,
                     "loaded": false,
                     "loading": false,
                     "nodeType": "resource",
                     "parentId": "source",
                     "qshowDelay": 0,
                     "qtip": "",
                     "qtitle": "",
                     "resourceId": "resource:id:0_::_",
                     "resourceKindId": "002006VMWAREvSphere World",
                     "resourceKindKey": "vSphere World",
                     "resourceKindName": "vSphere World",
                     "resourceKindType": 8,
                     "resourceName": "vSphere World",
                     "root": false,
                     "rootResourceId": "ebdd970d-978e-4a57-aeb0-08ba3f22f6c2",
                     "text": "vSphere World",
                     "traversalSpecId": "vSphere Storage-VMWARE-vSphere World",
                     "uniqueId": "ebdd970d-978e-4a57-aeb0-08ba3f22f6c2_1545905442168",
                     "visible": true
                  },
                  "selectFirstRow": {"selectFirstRow": false},
                  "selfProvider": {"selfProvider": true},
                  "title": "VM Growth for the past 6 months",
                  "traversalSpecId": null,
                  "viewDefinitionId": "85924cc2-c735-4208-8254-ed06b3bb5b1a"
               },
               "gridsterCoords": {
                  "h": 6,
                  "w": 6,
                  "x": 1,
                  "y": 8
               },
               "height": 324,
               "id": "f34e3722-cd6c-40a0-9253-b531ab5c8f6e",
               "states": [{
                  "key": "perm_toolbarVisible_widget_3a92f573-dc3b-47e9-a928-04dcab412f88_f34e3722-cd6c-40a0-9253-b531ab5c8f6e",
                  "value": "b%3A0"
               }],
               "title": "VM Growth for the past 6 months",
               "type": "View"
            },
            {
               "collapsed": false,
               "config": {
                  "chartViewItems": ["legend"],
                  "refreshContent": {"refreshContent": false},
                  "refreshInterval": 300,
                  "resource": {
                     "adapterKindId": null,
                     "allowDrag": true,
                     "allowDrop": true,
                     "checked": null,
                     "children": null,
                     "cls": "",
                     "depth": 3,
                     "expandable": true,
                     "expanded": false,
                     "href": "",
                     "hrefTarget": "",
                     "icon": "",
                     "iconCls": "resknd_default_vmware_vsphereworld",
                     "iconSrc": "images/resknd/default/16x16/VMWARE_vSphere World.png",
                     "id": "ebdd970d-978e-4a57-aeb0-08ba3f22f6c2",
                     "index": 0,
                     "isFirst": true,
                     "isLast": true,
                     "leaf": true,
                     "loaded": false,
                     "loading": false,
                     "nodeType": "resource",
                     "parentId": "002006VMWAREvSphere World",
                     "qshowDelay": 0,
                     "qtip": "",
                     "qtitle": "",
                     "resourceId": "resource:id:0_::_",
                     "resourceKindId": "002006VMWAREvSphere World",
                     "resourceKindKey": "{adKind=VMWARE, resKind=vSphere World}",
                     "resourceKindName": "vSphere World",
                     "resourceKindType": "8",
                     "resourceName": "vSphere World",
                     "root": false,
                     "text": "vSphere World",
                     "traversalSpecId": "",
                     "uniqueId": "ebdd970d-978e-4a57-aeb0-08ba3f22f6c2_1545905451800",
                     "visible": true
                  },
                  "selectFirstRow": {"selectFirstRow": false},
                  "selfProvider": {"selfProvider": true},
                  "title": "ESXi Growth for the past 6 months",
                  "traversalSpecId": null,
                  "viewDefinitionId": "9eb575c2-017c-4cdf-bf7a-4952e699d612"
               },
               "gridsterCoords": {
                  "h": 6,
                  "w": 6,
                  "x": 7,
                  "y": 8
               },
               "height": 324,
               "id": "92bb36f1-ab8a-4f8f-907b-66ac1a84bb1c",
               "states": [{
                  "key": "perm_toolbarVisible_widget_3a92f573-dc3b-47e9-a928-04dcab412f88_92bb36f1-ab8a-4f8f-907b-66ac1a84bb1c",
                  "value": "b%3A0"
               }],
               "title": "ESXi Growth for the past 6 months",
               "type": "View"
            },
            {
               "collapsed": false,
               "config": {
                  "chartViewItems": [],
                  "refreshContent": {"refreshContent": false},
                  "refreshInterval": 300,
                  "resource": {
                     "adapterKindId": null,
                     "allowDrag": true,
                     "allowDrop": true,
                     "checked": null,
                     "children": null,
                     "cls": "",
                     "depth": 3,
                     "expandable": true,
                     "expanded": false,
                     "href": "",
                     "hrefTarget": "",
                     "icon": "",
                     "iconCls": "resknd_default_vmware_vsphereworld",
                     "iconSrc": "images/resknd/default/16x16/VMWARE_vSphere World.png",
                     "id": "ebdd970d-978e-4a57-aeb0-08ba3f22f6c2",
                     "index": 0,
                     "isFirst": true,
                     "isLast": true,
                     "leaf": true,
                     "loaded": false,
                     "loading": false,
                     "nodeType": "resource",
                     "parentId": "002006VMWAREvSphere World",
                     "qshowDelay": 0,
                     "qtip": "",
                     "qtitle": "",
                     "resourceId": "resource:id:0_::_",
                     "resourceKindId": "002006VMWAREvSphere World",
                     "resourceKindKey": "{adKind=VMWARE, resKind=vSphere World}",
                     "resourceKindName": "vSphere World",
                     "resourceKindType": "8",
                     "resourceName": "vSphere World",
                     "root": false,
                     "text": "vSphere World",
                     "traversalSpecId": "",
                     "uniqueId": "ebdd970d-978e-4a57-aeb0-08ba3f22f6c2_1545868847170",
                     "visible": true
                  },
                  "selectFirstRow": {"selectFirstRow": false},
                  "selfProvider": {"selfProvider": true},
                  "title": "Cluster Time Remaining",
                  "traversalSpecId": null,
                  "viewDefinitionId": "9c7f1eb9-295d-4ff2-8683-86fe35064580"
               },
               "gridsterCoords": {
                  "h": 4,
                  "w": 12,
                  "x": 1,
                  "y": 4
               },
               "height": 210,
               "id": "27ec22ac-dbea-47eb-a9b2-f33626ee63a0",
               "title": "Cluster Time Remaining",
               "type": "View"
            },
            {
               "collapsed": false,
               "config": {
                  "chartViewItems": [
                     "legend",
                     "labels"
                  ],
                  "refreshContent": {"refreshContent": false},
                  "refreshInterval": 300,
                  "resource": {
                     "adapterKindId": null,
                     "allowDrag": true,
                     "allowDrop": true,
                     "checked": null,
                     "children": null,
                     "cls": "",
                     "depth": 3,
                     "expandable": true,
                     "expanded": false,
                     "href": "",
                     "hrefTarget": "",
                     "icon": "",
                     "iconCls": "resknd_default_vmware_vsphereworld",
                     "iconSrc": "images/resknd/default/16x16/VMWARE_vSphere World.png",
                     "id": "ebdd970d-978e-4a57-aeb0-08ba3f22f6c2",
                     "index": 0,
                     "isFirst": true,
                     "isLast": true,
                     "leaf": true,
                     "loaded": false,
                     "loading": false,
                     "nodeType": "resource",
                     "parentId": "002006VMWAREvSphere World",
                     "qshowDelay": 0,
                     "qtip": "",
                     "qtitle": "",
                     "resourceId": "resource:id:0_::_",
                     "resourceKindId": "002006VMWAREvSphere World",
                     "resourceKindKey": "{adKind=VMWARE, resKind=vSphere World}",
                     "resourceKindName": "vSphere World",
                     "resourceKindType": "8",
                     "resourceName": "vSphere World",
                     "root": false,
                     "text": "vSphere World",
                     "traversalSpecId": "",
                     "uniqueId": "ebdd970d-978e-4a57-aeb0-08ba3f22f6c2_1545868961739",
                     "visible": true
                  },
                  "selectFirstRow": {"selectFirstRow": false},
                  "selfProvider": {"selfProvider": true},
                  "title": "Host Versions",
                  "traversalSpecId": null,
                  "viewDefinitionId": "410d5ece-2ef5-4e73-9b01-ea7385653dba"
               },
               "gridsterCoords": {
                  "h": 8,
                  "w": 6,
                  "x": 7,
                  "y": 14
               },
               "height": 438,
               "id": "7f5fab74-c2fd-498a-a62a-b6b2329ae0b8",
               "title": "Host Versions",
               "type": "View"
            },
            {
               "collapsed": false,
               "config": {
                  "chartViewItems": [
                     "legend",
                     "labels",
                     "title"
                  ],
                  "isUpdatedView": true,
                  "refreshContent": {"refreshContent": false},
                  "refreshInterval": 300,
                  "resource": {
                     "id": "Ext.vcops.chrome.model.Resource-12",
                     "resourceId": "resource:id:0_::_",
                     "resourceKindId": "002006VMWAREvSphere World",
                     "resourceName": "vSphere World",
                     "traversalSpecId": ""
                  },
                  "selectFirstRow": {"selectFirstRow": false},
                  "selfProvider": {"selfProvider": true},
                  "title": "Host Hardware Vendors",
                  "traversalSpecId": null,
                  "viewDefinitionId": "7306a325-8ab6-465c-9122-3f68684c068a"
               },
               "gridsterCoords": {
                  "h": 8,
                  "w": 6,
                  "x": 1,
                  "y": 14
               },
               "height": 438,
               "id": "3d30775b-d3bd-4885-a0fe-c5d0dfa7c709",
               "title": "Host Hardware Vendors",
               "type": "View"
            }
         ]
      },
      {
         "autoswitchEnabled": false,
         "columnCount": 1,
         "columnProportion": "1",
         "creationTime": 1577109443851,
         "dashboardNavigations": {},
         "description": "This dashboard helps you track the CPU, Memory and Disk Space Allocation",
         "disabled": false,
         "gridsterMaxColumns": 12,
         "hidden": true,
         "homeTab": false,
         "id": "a8c02393-aa2f-446c-a38b-3f614febb4ba",
         "importAttempts": 0,
         "importComplete": true,
         "isDefault": false,
         "locked": false,
         "name": "VMware-Code/tkopton-Cluster and Host Utilization Overview",
         "namePath": "VMware-Code",
         "rank": 138,
         "shared": false,
         "states": [],
         "temporary": false,
         "userId": "3c6e818d-c6e8-4f92-8cec-5cbeb54c56cc",
         "widgetInteractions": [{
            "type": "resourceId",
            "widgetIdProvider": "b0a2f95e-a94d-4bad-b975-0d0f91d923d9",
            "widgetIdReceiver": "65b03ec4-0c28-4411-b7b5-2d53b863ae1f"
         }],
         "widgets": [
            {
               "collapsed": false,
               "config": {
                  "boxColumns": 6,
                  "boxHeight": null,
                  "customFilter": {
                     "excludedResources": null,
                     "filter": [],
                     "includedResources": null
                  },
                  "depth": 1,
                  "labelSize": 12,
                  "maxCellCount": 100,
                  "metric": {
                     "mode": "resourceKind",
                     "resourceKindMetrics": [
                        {
                           "colorMethod": 2,
                           "id": "extModel2937-5",
                           "isStringMetric": false,
                           "label": "vCenter Server(s)",
                           "metricKey": "summary|total_number_vcenters",
                           "metricName": "Summary|Total Number of vCenter Server(s)",
                           "metricUnitId": null,
                           "orangeBound": null,
                           "redBound": null,
                           "resourceKindId": "resourceKind:id:0_::_",
                           "resourceKindName": "vSphere World",
                           "unit": "",
                           "yellowBound": null
                        },
                        {
                           "colorMethod": 2,
                           "id": "extModel2937-1",
                           "isStringMetric": false,
                           "label": "Datacenter(s)",
                           "metricKey": "summary|total_number_datacenters",
                           "metricName": "Summary|Total Number of Datacenters",
                           "metricUnitId": null,
                           "orangeBound": null,
                           "redBound": null,
                           "resourceKindId": "resourceKind:id:0_::_",
                           "resourceKindName": "vSphere World",
                           "unit": "",
                           "yellowBound": null
                        },
                        {
                           "colorMethod": 2,
                           "id": "extModel2937-2",
                           "isStringMetric": false,
                           "label": "Cluster(s)",
                           "metricKey": "summary|total_number_clusters",
                           "metricName": "Summary|Total Number of Clusters",
                           "metricUnitId": null,
                           "orangeBound": null,
                           "redBound": null,
                           "resourceKindId": "resourceKind:id:0_::_",
                           "resourceKindName": "vSphere World",
                           "unit": "",
                           "yellowBound": null
                        },
                        {
                           "colorMethod": 2,
                           "id": "extModel2937-3",
                           "isStringMetric": false,
                           "label": "Host(s)",
                           "metricKey": "summary|total_number_hosts",
                           "metricName": "Summary|Total Number of Hosts",
                           "metricUnitId": null,
                           "orangeBound": null,
                           "redBound": null,
                           "resourceKindId": "resourceKind:id:0_::_",
                           "resourceKindName": "vSphere World",
                           "unit": "",
                           "yellowBound": null
                        },
                        {
                           "colorMethod": 2,
                           "id": "extModel2937-4",
                           "isStringMetric": false,
                           "label": "VM(s)",
                           "metricKey": "summary|total_number_vms",
                           "metricName": "Summary|Total Number of VMs",
                           "metricUnitId": null,
                           "orangeBound": null,
                           "redBound": null,
                           "resourceKindId": "resourceKind:id:0_::_",
                           "resourceKindName": "vSphere World",
                           "unit": "",
                           "yellowBound": null
                        },
                        {
                           "colorMethod": 2,
                           "id": "extModel12617-1",
                           "isStringMetric": false,
                           "label": "VMs per Host",
                           "metricKey": "summary|vm_count_per_host",
                           "metricName": "Summary|VM Count per Host",
                           "metricUnitId": ": 1",
                           "orangeBound": null,
                           "redBound": null,
                           "resourceKindId": "resourceKind:id:0_::_",
                           "resourceKindName": "vSphere World",
                           "unit": ": 1",
                           "yellowBound": null
                        },
                        {
                           "colorMethod": 2,
                           "id": "extModel7997-1",
                           "isStringMetric": false,
                           "label": "CPU Cores",
                           "metricKey": "cpu|corecount_provisioned",
                           "metricName": "CPU|Number of physical CPUs",
                           "metricUnitId": "7001",
                           "orangeBound": null,
                           "redBound": null,
                           "resourceKindId": "resourceKind:id:0_::_",
                           "resourceKindName": "vSphere World",
                           "unit": "Cores",
                           "yellowBound": null
                        },
                        {
                           "colorMethod": 2,
                           "id": "extModel2937-7",
                           "isStringMetric": false,
                           "label": "Allocated vCPUs",
                           "metricKey": "cpu|vcpus_allocated_on_all_vms",
                           "metricName": "CPU|vCPUs Allocated on all VMs",
                           "metricUnitId": null,
                           "orangeBound": null,
                           "redBound": null,
                           "resourceKindId": "resourceKind:id:0_::_",
                           "resourceKindName": "vSphere World",
                           "unit": "",
                           "yellowBound": null
                        },
                        {
                           "colorMethod": 2,
                           "id": "extModel6325-1",
                           "isStringMetric": false,
                           "label": "vCPU : Core",
                           "metricKey": "cpu|vcpus_to_cores_allocation_ratio",
                           "metricName": "CPU|Current Overcommit Ratio",
                           "metricUnitId": ": 1",
                           "orangeBound": null,
                           "redBound": null,
                           "resourceKindId": "resourceKind:id:0_::_",
                           "resourceKindName": "vSphere World",
                           "unit": ": 1",
                           "yellowBound": null
                        },
                        {
                           "colorMethod": 2,
                           "id": "extModel7997-2",
                           "isStringMetric": false,
                           "label": "Total Memory",
                           "metricKey": "mem|host_provisioned",
                           "metricName": "Memory|Total Capacity",
                           "metricUnitId": "TB",
                           "orangeBound": null,
                           "redBound": null,
                           "resourceKindId": "resourceKind:id:0_::_",
                           "resourceKindName": "vSphere World",
                           "unit": "TB",
                           "yellowBound": null
                        },
                        {
                           "colorMethod": 2,
                           "id": "extModel2937-6",
                           "isStringMetric": false,
                           "label": "Allocated Memory",
                           "metricKey": "mem|memory_allocated_on_all_vms",
                           "metricName": "Memory|Memory Allocated on all VMs",
                           "metricUnitId": "TB",
                           "orangeBound": null,
                           "redBound": null,
                           "resourceKindId": "resourceKind:id:0_::_",
                           "resourceKindName": "vSphere World",
                           "unit": "TB",
                           "yellowBound": null
                        },
                        {
                           "colorMethod": 2,
                           "id": "extModel2937-8",
                           "isStringMetric": false,
                           "label": "vMem : pMem",
                           "metricKey": "mem|virtual_to_physical_memory_allocation_ratio",
                           "metricName": "Memory|Current Overcommit Ratio",
                           "metricUnitId": ": 1",
                           "orangeBound": null,
                           "redBound": null,
                           "resourceKindId": "resourceKind:id:0_::_",
                           "resourceKindName": "vSphere World",
                           "unit": ": 1",
                           "yellowBound": null
                        }
                     ],
                     "resourceMetrics": [],
                     "subMode": "resourceKindAll"
                  },
                  "mode": {"layoutMode": "fixedView"},
                  "oldMetricValues": false,
                  "periodLength": null,
                  "refreshContent": {"refreshContent": true},
                  "refreshInterval": 300,
                  "relationshipMode": {"relationshipMode": 0},
                  "resInteractionMode": null,
                  "resource": [],
                  "roundDecimals": 1,
                  "selfProvider": {"selfProvider": true},
                  "showDT": {"showDT": false},
                  "showMetricName": {"showMetricName": true},
                  "showMetricUnit": {"showMetricUnit": true},
                  "showResourceName": {"showResourceName": false},
                  "showSparkline": {"showSparkline": false},
                  "title": "1. Allocatio summary",
                  "valueSize": 24,
                  "visualTheme": 4
               },
               "gridsterCoords": {
                  "h": 4,
                  "w": 12,
                  "x": 1,
                  "y": 1
               },
               "height": 210,
               "id": "2fe3e877-b2fb-4acb-b300-0ffae7638cad",
               "title": "1. Allocatio summary",
               "type": "Scoreboard"
            },
            {
               "collapsed": false,
               "config": {
                  "chartViewItems": [],
                  "isUpdatedView": true,
                  "refreshContent": {"refreshContent": false},
                  "refreshInterval": 300,
                  "resource": {
                     "id": "Ext.vcops.chrome.model.Resource-5",
                     "resourceId": "resource:id:0_::_",
                     "resourceKindId": "002006VMWAREvSphere World",
                     "resourceName": "vSphere World",
                     "traversalSpecId": "vSphere Hosts and Clusters-VMWARE-vSphere World"
                  },
                  "selectFirstRow": {"selectFirstRow": true},
                  "selfProvider": {"selfProvider": true},
                  "title": "2. Current allocation percentage for Clusters - select a Cluster",
                  "traversalSpecId": null,
                  "viewDefinitionId": "3017670b-c158-448d-87ec-89869004fe62"
               },
               "gridsterCoords": {
                  "h": 5,
                  "w": 12,
                  "x": 1,
                  "y": 5
               },
               "height": 267,
               "id": "b0a2f95e-a94d-4bad-b975-0d0f91d923d9",
               "title": "2. Current allocation percentage for Clusters - select a Cluster",
               "type": "View"
            },
            {
               "collapsed": false,
               "config": {
                  "chartViewItems": [],
                  "isUpdatedView": true,
                  "refreshContent": {"refreshContent": false},
                  "refreshInterval": 300,
                  "resource": null,
                  "selectFirstRow": {"selectFirstRow": false},
                  "selfProvider": {"selfProvider": false},
                  "title": "3. Current allocation percentage for Hosts",
                  "traversalSpecId": "",
                  "viewDefinitionId": "442a073e-cc6f-4f8a-a0ce-6f3071943eac"
               },
               "gridsterCoords": {
                  "h": 7,
                  "w": 12,
                  "x": 1,
                  "y": 10
               },
               "height": 381,
               "id": "65b03ec4-0c28-4411-b7b5-2d53b863ae1f",
               "title": "3. Current allocation percentage for Hosts",
               "type": "View"
            }
         ]
      }
   ],
   "entries": {
      "resource": [{
         "adapterKindKey": "VMWARE",
         "identifiers": [],
         "internalId": "resource:id:0_::_",
         "name": "vSphere World",
         "resourceKindKey": "vSphere World"
      }],
      "resourceKind": [{
         "adapterKindKey": "VMWARE",
         "internalId": "resourceKind:id:0_::_",
         "resourceKindKey": "vSphere World"
      }]
   },
   "uuid": "2877b280-ee73-48af-adf1-c6e110b53456"
}